{
  "run_id": "run_20260420_183516",
  "config": {
    "seed": 42,
    "n_stations": 5,
    "max_beacon": 360,
    "actions_ms": [
      2.0,
      10.0,
      50.0
    ]
  },
  "beacons_processed": 360,
  "anomalies": {
    "ns3_timeouts": 0,
    "ns3_errors": 0,
    "ns3_warnings": 0,
    "non_monotonic_sim_time": 0
  },
  "global": {
    "avg_lat_ms": 111.7666,
    "avg_loss_pct": 11.351827777777777,
    "real_loss_pct": 0.43360433604335835,
    "avg_energy_mJ": 5.863166944444444,
    "total_tx": 3690,
    "total_rx": 3674
  },
  "action_distribution": {
    "2.0": 653,
    "10.0": 548,
    "50.0": 599
  },
  "per_sta": [
    {
      "sta_id": 1,
      "tx": 738,
      "rx": 736,
      "lat_ms_cum": 106.73,
      "lat_ms_beacon_avg": 50.656641666666665,
      "loss_pct_beacon_avg": 10.555527777777778,
      "energy_mJ_beacon_avg": 5.820806111111112,
      "best_action_ms": 2.0,
      "best_action_value": 0.7986,
      "t_valid_updates": 217,
      "ucb_arms": {
        "2.0": {
          "count": 87,
          "value": 0.7986
        },
        "10.0": {
          "count": 70,
          "value": 0.7586
        },
        "50.0": {
          "count": 60,
          "value": 0.7209
        }
      }
    },
    {
      "sta_id": 2,
      "tx": 738,
      "rx": 734,
      "lat_ms_cum": 101.428,
      "lat_ms_beacon_avg": 50.24111666666666,
      "loss_pct_beacon_avg": 8.88886111111111,
      "energy_mJ_beacon_avg": 5.845405555555556,
      "best_action_ms": 2.0,
      "best_action_value": 0.7784,
      "t_valid_updates": 217,
      "ucb_arms": {
        "2.0": {
          "count": 77,
          "value": 0.7784
        },
        "10.0": {
          "count": 67,
          "value": 0.7475
        },
        "50.0": {
          "count": 73,
          "value": 0.7662
        }
      }
    },
    {
      "sta_id": 3,
      "tx": 738,
      "rx": 734,
      "lat_ms_cum": 103.004,
      "lat_ms_beacon_avg": 50.22455277777778,
      "loss_pct_beacon_avg": 9.999972222222222,
      "energy_mJ_beacon_avg": 6.0893138888888885,
      "best_action_ms": 2.0,
      "best_action_value": 0.7919,
      "t_valid_updates": 215,
      "ucb_arms": {
        "2.0": {
          "count": 82,
          "value": 0.7919
        },
        "10.0": {
          "count": 61,
          "value": 0.725
        },
        "50.0": {
          "count": 72,
          "value": 0.7649
        }
      }
    },
    {
      "sta_id": 4,
      "tx": 738,
      "rx": 736,
      "lat_ms_cum": 124.429,
      "lat_ms_beacon_avg": 52.23844444444445,
      "loss_pct_beacon_avg": 17.592583333333334,
      "energy_mJ_beacon_avg": 5.7135125,
      "best_action_ms": 50.0,
      "best_action_value": 0.7689,
      "t_valid_updates": 215,
      "ucb_arms": {
        "2.0": {
          "count": 73,
          "value": 0.7657
        },
        "10.0": {
          "count": 64,
          "value": 0.7343
        },
        "50.0": {
          "count": 78,
          "value": 0.7689
        }
      }
    },
    {
      "sta_id": 5,
      "tx": 738,
      "rx": 734,
      "lat_ms_cum": 123.242,
      "lat_ms_beacon_avg": 50.21301944444445,
      "loss_pct_beacon_avg": 9.722194444444444,
      "energy_mJ_beacon_avg": 5.846796666666666,
      "best_action_ms": 50.0,
      "best_action_value": 0.7773,
      "t_valid_updates": 215,
      "ucb_arms": {
        "2.0": {
          "count": 74,
          "value": 0.773
        },
        "10.0": {
          "count": 63,
          "value": 0.7401
        },
        "50.0": {
          "count": 78,
          "value": 0.7773
        }
      }
    }
  ]
}