{
  "timestamp": "2026-04-08_18-03-20",
  "n_epoch": 15,
  "n_arms": 5,
  "arms": {
    "0": [
      10,
      10,
      10,
      10,
      10
    ],
    "1": [
      8,
      6,
      4,
      4,
      2
    ],
    "2": [
      5,
      5,
      5,
      5,
      5
    ],
    "3": [
      12,
      8,
      5,
      3,
      1
    ],
    "4": [
      6,
      6,
      6,
      6,
      6
    ]
  },
  "w_energy": 0.6,
  "w_latency": 0.4,
  "epsilon_init": 0.8,
  "epsilon_final": 0.1,
  "arm_migliore": 4,
  "stime_finali": {
    "0": 0.17595,
    "1": 0.2044,
    "2": 0.130525,
    "3": 0.0,
    "4": 0.4755
  },
  "conteggi": {
    "0": 2,
    "1": 5,
    "2": 4,
    "3": 0,
    "4": 4
  },
  "storia": [
    {
      "epoch": 1,
      "arm_id": 2,
      "tipo": "explore",
      "epsilon": 0.8,
      "twtDuration": [
        5,
        5,
        5,
        5,
        5
      ],
      "reward": 0.0,
      "stime_reward": {
        "0": 0.0,
        "1": 0.0,
        "2": 0.0,
        "3": 0.0,
        "4": 0.0
      },
      "conteggi": {
        "0": 0,
        "1": 0,
        "2": 1,
        "3": 0,
        "4": 0
      },
      "metriche_aggregate": {
        "sleep_time_perc": 94.75224257072,
        "idle_time_perc": 4.4938305731,
        "rx_time_perc": 0.37186877692,
        "tx_time_perc": 0.27434608972,
        "cca_time_perc": 0.0,
        "sleep_energy_perc": 40.05897661428,
        "idle_energy_perc": 48.028021648039996,
        "rx_energy_perc": 5.250486843539999,
        "tx_energy_perc": 5.51129580184,
        "cca_energy_perc": 0.0,
        "avg_lat_ms": 2.7058632000000005,
        "avg_effective_lat_ms": 2.7058632000000005,
        "throughput_Mbps": 5.46895e-07,
        "pktloss_perc": 0.0,
        "total_energy_J": 0.5910998777600001
      }
    },
    {
      "epoch": 2,
      "arm_id": 2,
      "tipo": "explore",
      "epsilon": 0.75,
      "twtDuration": [
        5,
        5,
        5,
        5,
        5
      ],
      "reward": 0.0,
      "stime_reward": {
        "0": 0.0,
        "1": 0.0,
        "2": 0.0,
        "3": 0.0,
        "4": 0.0
      },
      "conteggi": {
        "0": 0,
        "1": 0,
        "2": 2,
        "3": 0,
        "4": 0
      },
      "metriche_aggregate": {
        "sleep_time_perc": 94.75224257072,
        "idle_time_perc": 4.4938305731,
        "rx_time_perc": 0.37186877692,
        "tx_time_perc": 0.27434608972,
        "cca_time_perc": 0.0,
        "sleep_energy_perc": 40.05897661428,
        "idle_energy_perc": 48.028021648039996,
        "rx_energy_perc": 5.250486843539999,
        "tx_energy_perc": 5.51129580184,
        "cca_energy_perc": 0.0,
        "avg_lat_ms": 2.7058632000000005,
        "avg_effective_lat_ms": 2.7058632000000005,
        "throughput_Mbps": 5.46895e-07,
        "pktloss_perc": 0.0,
        "total_energy_J": 0.5910998777600001
      }
    },
    {
      "epoch": 3,
      "arm_id": 2,
      "tipo": "explore",
      "epsilon": 0.7,
      "twtDuration": [
        5,
        5,
        5,
        5,
        5
      ],
      "reward": 0.0,
      "stime_reward": {
        "0": 0.0,
        "1": 0.0,
        "2": 0.0,
        "3": 0.0,
        "4": 0.0
      },
      "conteggi": {
        "0": 0,
        "1": 0,
        "2": 3,
        "3": 0,
        "4": 0
      },
      "metriche_aggregate": {
        "sleep_time_perc": 94.75224257072,
        "idle_time_perc": 4.4938305731,
        "rx_time_perc": 0.37186877692,
        "tx_time_perc": 0.27434608972,
        "cca_time_perc": 0.0,
        "sleep_energy_perc": 40.05897661428,
        "idle_energy_perc": 48.028021648039996,
        "rx_energy_perc": 5.250486843539999,
        "tx_energy_perc": 5.51129580184,
        "cca_energy_perc": 0.0,
        "avg_lat_ms": 2.7058632000000005,
        "avg_effective_lat_ms": 2.7058632000000005,
        "throughput_Mbps": 5.46895e-07,
        "pktloss_perc": 0.0,
        "total_energy_J": 0.5910998777600001
      }
    },
    {
      "epoch": 4,
      "arm_id": 0,
      "tipo": "exploit",
      "epsilon": 0.65,
      "twtDuration": [
        10,
        10,
        10,
        10,
        10
      ],
      "reward": 0.0,
      "stime_reward": {
        "0": 0.0,
        "1": 0.0,
        "2": 0.0,
        "3": 0.0,
        "4": 0.0
      },
      "conteggi": {
        "0": 1,
        "1": 0,
        "2": 3,
        "3": 0,
        "4": 0
      },
      "metriche_aggregate": {
        "sleep_time_perc": 89.74770990136,
        "idle_time_perc": 9.497161813760002,
        "rx_time_perc": 0.37203901886,
        "tx_time_perc": 0.27466167810000003,
        "cca_time_perc": 0.0,
        "sleep_energy_perc": 25.064226860499996,
        "idle_energy_perc": 67.04901322138001,
        "rx_energy_perc": 3.4699157821800006,
        "tx_energy_perc": 3.65135620176,
        "cca_energy_perc": 0.0,
        "avg_lat_ms": 2.7058632000000005,
        "avg_effective_lat_ms": 2.7058632000000005,
        "throughput_Mbps": 5.46895e-07,
        "pktloss_perc": 0.0,
        "total_energy_J": 0.8946799004599999
      }
    },
    {
      "epoch": 5,
      "arm_id": 1,
      "tipo": "explore",
      "epsilon": 0.6,
      "twtDuration": [
        8,
        6,
        4,
        4,
        2
      ],
      "reward": 0.2044,
      "stime_reward": {
        "0": 0.0,
        "1": 0.2044,
        "2": 0.0,
        "3": 0.0,
        "4": 0.0
      },
      "conteggi": {
        "0": 1,
        "1": 1,
        "2": 3,
        "3": 0,
        "4": 0
      },
      "metriche_aggregate": {
        "sleep_time_perc": 94.95035291627998,
        "idle_time_perc": 4.29810259638,
        "rx_time_perc": 0.37121788718,
        "tx_time_perc": 0.27434676344000003,
        "cca_time_perc": 0.0,
        "sleep_energy_perc": 42.900450054820006,
        "idle_energy_perc": 44.21203124558,
        "rx_energy_perc": 5.5738445406,
        "tx_energy_perc": 6.114704693959999,
        "cca_energy_perc": 0.0,
        "avg_lat_ms": 22.5140632,
        "avg_effective_lat_ms": 22.5140632,
        "throughput_Mbps": 5.46895e-07,
        "pktloss_perc": 0.0,
        "total_energy_J": 0.57899619392
      }
    },
    {
      "epoch": 6,
      "arm_id": 1,
      "tipo": "exploit",
      "epsilon": 0.55,
      "twtDuration": [
        8,
        6,
        4,
        4,
        2
      ],
      "reward": 0.2044,
      "stime_reward": {
        "0": 0.0,
        "1": 0.2044,
        "2": 0.0,
        "3": 0.0,
        "4": 0.0
      },
      "conteggi": {
        "0": 1,
        "1": 2,
        "2": 3,
        "3": 0,
        "4": 0
      },
      "metriche_aggregate": {
        "sleep_time_perc": 94.95035291627998,
        "idle_time_perc": 4.29810259638,
        "rx_time_perc": 0.37121788718,
        "tx_time_perc": 0.27434676344000003,
        "cca_time_perc": 0.0,
        "sleep_energy_perc": 42.900450054820006,
        "idle_energy_perc": 44.21203124558,
        "rx_energy_perc": 5.5738445406,
        "tx_energy_perc": 6.114704693959999,
        "cca_energy_perc": 0.0,
        "avg_lat_ms": 22.5140632,
        "avg_effective_lat_ms": 22.5140632,
        "throughput_Mbps": 5.46895e-07,
        "pktloss_perc": 0.0,
        "total_energy_J": 0.57899619392
      }
    },
    {
      "epoch": 7,
      "arm_id": 1,
      "tipo": "exploit",
      "epsilon": 0.5,
      "twtDuration": [
        8,
        6,
        4,
        4,
        2
      ],
      "reward": 0.2044,
      "stime_reward": {
        "0": 0.0,
        "1": 0.2044,
        "2": 0.0,
        "3": 0.0,
        "4": 0.0
      },
      "conteggi": {
        "0": 1,
        "1": 3,
        "2": 3,
        "3": 0,
        "4": 0
      },
      "metriche_aggregate": {
        "sleep_time_perc": 94.95035291627998,
        "idle_time_perc": 4.29810259638,
        "rx_time_perc": 0.37121788718,
        "tx_time_perc": 0.27434676344000003,
        "cca_time_perc": 0.0,
        "sleep_energy_perc": 42.900450054820006,
        "idle_energy_perc": 44.21203124558,