{
  "timestamp": "2026-04-08_17-49-06",
  "n_epoch": 15,
  "n_arms": 5,
  "arms": {
    "0": [
      10,
      10,
      10,
      10,
      10
    ],
    "1": [
      8,
      6,
      4,
      4,
      2
    ],
    "2": [
      5,
      5,
      5,
      5,
      5
    ],
    "3": [
      12,
      8,
      5,
      3,
      1
    ],
    "4": [
      6,
      6,
      6,
      6,
      6
    ]
  },
  "w_energy": 0.6,
  "w_latency": 0.4,
  "epsilon_init": 0.8,
  "epsilon_final": 0.1,
  "arm_migliore": 2,
  "stime_finali": {
    "0": 0.3783857142857142,
    "1": 0.28135,
    "2": 0.553,
    "3": 0.167,
    "4": 0.2532
  },
  "conteggi": {
    "0": 7,
    "1": 2,
    "2": 3,
    "3": 1,
    "4": 2
  },
  "storia": [
    {
      "epoch": 1,
      "arm_id": 4,
      "tipo": "explore",
      "epsilon": 0.8,
      "twtDuration": [
        6,
        6,
        6,
        6,
        6
      ],
      "metriche": {
        "idle_energy_perc": 53.23654271488,
        "sleep_time_perc": 93.75187760009999,
        "avg_lat_ms": 2.7058632000000005,
        "avg_effective_lat_ms": 2.7058632000000005,
        "pktloss_perc": 0.0,
        "total_energy_J": 0.65179652126
      },
      "reward": 0.0,
      "stime_reward": {
        "0": 0.0,
        "1": 0.0,
        "2": 0.0,
        "3": 0.0,
        "4": 0.0
      },
      "conteggi": {
        "0": 0,
        "1": 0,
        "2": 0,
        "3": 0,
        "4": 1
      }
    },
    {
      "epoch": 2,
      "arm_id": 1,
      "tipo": "explore",
      "epsilon": 0.75,
      "twtDuration": [
        8,
        6,
        4,
        4,
        2
      ],
      "metriche": {
        "idle_energy_perc": 44.21203124558,
        "sleep_time_perc": 94.95035291627998,
        "avg_lat_ms": 22.5140632,
        "avg_effective_lat_ms": 22.5140632,
        "pktloss_perc": 0.0,
        "total_energy_J": 0.57899619392
      },
      "reward": 0.1017,
      "stime_reward": {
        "0": 0.0,
        "1": 0.1017,
        "2": 0.0,
        "3": 0.0,
        "4": 0.0
      },
      "conteggi": {
        "0": 0,
        "1": 1,
        "2": 0,
        "3": 0,
        "4": 1
      }
    },
    {
      "epoch": 3,
      "arm_id": 0,
      "tipo": "explore",
      "epsilon": 0.7,
      "twtDuration": [
        10,
        10,
        10,
        10,
        10
      ],
      "metriche": {
        "idle_energy_perc": 67.04901322138001,
        "sleep_time_perc": 89.74770990136,
        "avg_lat_ms": 2.7058632000000005,
        "avg_effective_lat_ms": 2.7058632000000005,
        "pktloss_perc": 0.0,
        "total_energy_J": 0.8946799004599999
      },
      "reward": 0.3519,
      "stime_reward": {
        "0": 0.3519,
        "1": 0.1017,
        "2": 0.0,
        "3": 0.0,
        "4": 0.0
      },
      "conteggi": {
        "0": 1,
        "1": 1,
        "2": 0,
        "3": 0,
        "4": 1
      }
    },
    {
      "epoch": 4,
      "arm_id": 3,
      "tipo": "explore",
      "epsilon": 0.65,
      "twtDuration": [
        12,
        8,
        5,
        3,
        1
      ],
      "metriche": {
        "idle_energy_perc": 48.388851046940005,
        "sleep_time_perc": 93.71779568233998,
        "avg_lat_ms": 62.8094632,
        "avg_effective_lat_ms": 62.8094632,
        "pktloss_perc": 0.0,
        "total_energy_J": 0.65348145076
      },
      "reward": 0.167,
      "stime_reward": {
        "0": 0.3519,
        "1": 0.1017,
        "2": 0.0,
        "3": 0.167,
        "4": 0.0
      },
      "conteggi": {
        "0": 1,
        "1": 1,
        "2": 0,
        "3": 1,
        "4": 1
      }
    },
    {
      "epoch": 5,
      "arm_id": 0,
      "tipo": "exploit",
      "epsilon": 0.6,
      "twtDuration": [
        10,
        10,
        10,
        10,
        10
      ],
      "metriche": {
        "idle_energy_perc": 67.04901322138001,
        "sleep_time_perc": 89.74770990136,
        "avg_lat_ms": 2.7058632000000005,
        "avg_effective_lat_ms": 2.7058632000000005,
        "pktloss_perc": 0.0,
        "total_energy_J": 0.8946799004599999
      },
      "reward": 0.3828,
      "stime_reward": {
        "0": 0.36734999999999995,
        "1": 0.1017,
        "2": 0.0,
        "3": 0.167,
        "4": 0.0
      },
      "conteggi": {
        "0": 2,
        "1": 1,
        "2": 0,
        "3": 1,
        "4": 1
      }
    },
    {
      "epoch": 6,
      "arm_id": 0,
      "tipo": "exploit",
      "epsilon": 0.55,
      "twtDuration": [
        10,
        10,
        10,
        10,
        10
      ],
      "metriche": {
        "idle_energy_perc": 67.04901322138001,
        "sleep_time_perc": 89.74770990136,
        "avg_lat_ms": 2.7058632000000005,
        "avg_effective_lat_ms": 2.7058632000000005,
        "pktloss_perc": 0.0,
        "total_energy_J": 0.8946799004599999
      },
      "reward": 0.3828,
      "stime_reward": {
        "0": 0.37249999999999994,
        "1": 0.1017,
        "2": 0.0,
        "3": 0.167,
        "4": 0.0
      },
      "conteggi": {
        "0": 3,
        "1": 1,
        "2": 0,
        "3": 1,
        "4": 1
      }
    },
    {
      "epoch": 7,
      "arm_id": 0,
      "tipo": "exploit",
      "epsilon": 0.5,
      "twtDuration": [
        10,
        10,
        10,
        10,
        10
      ],
      "metriche": {
        "idle_energy_perc": 67.04901322138001,
        "sleep_time_perc": 89.74770990136,
        "avg_lat_ms": 2.7058632000000005,
        "avg_effective_lat_ms": 2.7058632000000005,
        "pktloss_perc": 0.0,
        "total_energy_J": 0.8946799004599999
      },
      "reward": 0.3828,
      "stime_reward": {
        "0": 0.37507499999999994,
        "1": 0.1017,
        "2": 0.0,
        "3": 0.167,
        "4": 0.0
      },
      "conteggi": {
        "0": 4,
        "1": 1,
        "2": 0,
        "3": 1,
        "4": 1
      }
    },
    {
      "epoch": 8,
      "arm_id": 4,
      "tipo": "explore",
      "epsilon": 0.45,
      "twtDuration": [
        6,
        6,
        6,
        6,
        6
      ],
      "metriche": {
        "idle_energy_perc": 53.23654271488,
        "sleep_time_perc": 93.75187760009999,
        "avg_lat_ms": 2.7058632000000005,
        "avg_effective_lat_ms": 2.7058632000000005,
        "pktloss_perc": 0.0,
        "total_energy_J": 0.65179652126
      },
      "reward": 0.5064,
      "stime_reward": {
        "0": 0.37507499999999994,
        "1": 0.1017,
        "2": 0.0,
        "3": 0.167,
        "4": 0.2532
      },
      "conteggi": {
        "0": 4,
        "1": 1,
        "2": 0,
        "3": 1,
        "4": 2
      }
    },
    {
      "epoch": 9,
      "arm_id": 1,
      "tipo": "explore",
      "epsilon": 0.4,
      "twtDuration": [
        8,
        6,
        4,
        4,
        2
      ],
      "metriche": {
        "idle_energy_perc": 44.21203124558,
        "sleep_time_perc": 94.95035291627998,
        "avg_lat_ms": 22.5140632,
        "avg_effective_lat_ms": 22.5140632,
        "pktloss_perc": 0.0,
        "total_energy_J": 0.57899619392
      },
      "reward": 0.461,
      "stime_reward": {
        "0": 0.37507499999999994,
        "1": 0.28135,
        "2": 0.0,
        "3": 0.167,
        "4": 0.2532
      },
      "conteggi": {
        "0": 4,
        "1": 2,
        "2": 0,
        "3": 1,
        "4": 2
      }
    },
    {
      "epoch": 10,
      "arm_id": 0,
      "tipo": "exploit",
      "epsilon": 0.35,
      "twtDuration": [
        10,
        10,
        10,
        10,
        10
      ],
      "metriche": {
        "idle_energy_perc": 67.04901322138001,
        "sleep_time_perc": 89.74770990136,
        "avg_lat_ms": 2.7058632000000005,
        "avg_effective_lat_ms": 2.7058632000000005,
        "pktloss_perc": 0.0,
        "total_energy_J": 0.8946799004599999
      },
      "reward": 0.3828,
      "stime_reward": {
        "0": 0.37661999999999995,
        "1": 0.28135,
        "2": 0.0,
        "3": 0.167,
        "4": 0.2532
      },
      "conteggi": {
        "0": 5,