{
  "run_id": "run_20260420_191953",
  "config": {
    "seed": 42,
    "n_stations": 5,
    "max_beacon": 361,
    "actions_ms": [
      2.0,
      10.0,
      50.0
    ]
  },
  "beacons_processed": 361,
  "anomalies": {
    "ns3_timeouts": 0,
    "ns3_errors": 0,
    "ns3_warnings": 1,
    "non_monotonic_sim_time": 0
  },
  "global": {
    "avg_lat_ms": 44.96922,
    "avg_loss_pct": 16.62049861495845,
    "real_loss_pct": 0.15026296018031404,
    "avg_energy_mJ": 6.087606814404433,
    "total_tx": 1331,
    "total_rx": 1329
  },
  "action_distribution": {
    "2.0": 626,
    "10.0": 587,
    "50.0": 592
  },
  "per_sta": [
    {
      "sta_id": 1,
      "tx": 124,
      "rx": 123,
      "lat_ms_cum": 71.4689,
      "lat_ms_beacon_avg": 18.653770083102494,
      "loss_pct_beacon_avg": 33.2409972299169,
      "energy_mJ_beacon_avg": 5.773059279778393,
      "best_action_ms": 2.0,
      "best_action_value": 0.0434,
      "t_valid_updates": 118,
      "ucb_arms": {
        "2.0": {
          "count": 43,
          "value": 0.0434
        },
        "10.0": {
          "count": 34,
          "value": 0.0
        },
        "50.0": {
          "count": 41,
          "value": 0.029
        }
      }
    },
    {
      "sta_id": 2,
      "tx": 124,
      "rx": 123,
      "lat_ms_cum": 71.4689,
      "lat_ms_beacon_avg": 18.653770083102494,
      "loss_pct_beacon_avg": 33.2409972299169,
      "energy_mJ_beacon_avg": 5.774393074792243,
      "best_action_ms": 2.0,
      "best_action_value": 0.0434,
      "t_valid_updates": 118,
      "ucb_arms": {
        "2.0": {
          "count": 43,
          "value": 0.0434
        },
        "10.0": {
          "count": 34,
          "value": 0.0
        },
        "50.0": {
          "count": 41,
          "value": 0.0284
        }
      }
    },
    {
      "sta_id": 3,
      "tx": 361,
      "rx": 361,
      "lat_ms_cum": 25.5763,
      "lat_ms_beacon_avg": 5.523249307479224,
      "loss_pct_beacon_avg": 8.310249307479225,
      "energy_mJ_beacon_avg": 6.770111357340721,
      "best_action_ms": 50.0,
      "best_action_value": 0.8203,
      "t_valid_updates": 220,
      "ucb_arms": {
        "2.0": {
          "count": 74,
          "value": 0.8178
        },
        "10.0": {
          "count": 70,
          "value": 0.8042
        },
        "50.0": {
          "count": 76,
          "value": 0.8203
        }
      }
    },
    {
      "sta_id": 4,
      "tx": 361,
      "rx": 361,
      "lat_ms_cum": 20.9695,
      "lat_ms_beacon_avg": 2.967808864265928,
      "loss_pct_beacon_avg": 3.8781163434903045,
      "energy_mJ_beacon_avg": 6.065018282548476,
      "best_action_ms": 2.0,
      "best_action_value": 0.864,
      "t_valid_updates": 217,
      "ucb_arms": {
        "2.0": {
          "count": 75,
          "value": 0.864
        },
        "10.0": {
          "count": 73,
          "value": 0.8536
        },
        "50.0": {
          "count": 69,
          "value": 0.8409
        }
      }
    },
    {
      "sta_id": 5,
      "tx": 361,
      "rx": 361,
      "lat_ms_cum": 35.3625,
      "lat_ms_beacon_avg": 3.2155484764542934,
      "loss_pct_beacon_avg": 4.43213296398892,
      "energy_mJ_beacon_avg": 6.055452077562327,
      "best_action_ms": 10.0,
      "best_action_value": 0.9173,
      "t_valid_updates": 220,
      "ucb_arms": {
        "2.0": {
          "count": 67,
          "value": 0.8843
        },
        "10.0": {
          "count": 82,
          "value": 0.9173
        },
        "50.0": {
          "count": 71,
          "value": 0.8947
        }
      }
    }
  ]
}